净值日期,累计净值,daily_return
2017-11-17,1.0001,
2017-11-20,1.0001,0.0
2017-11-21,1.0001,0.0
2017-11-22,1.0001,0.0
2017-11-23,1.0001,0.0
2017-11-24,1.0002,0.0001
2017-11-27,1.0004,0.0002
2017-11-28,1.0006,0.0002
2017-11-29,1.0007,0.0001
2017-11-30,0.9996,-0.001099
2017-12-01,1.0056,0.006002
2017-12-04,1.002,-0.00358
2017-12-05,0.9896,-0.012375
2017-12-06,0.9975,0.007983
2017-12-07,0.9947,-0.002807
2017-12-08,1.0004,0.00573
2017-12-11,1.0079,0.007497
2017-12-12,1.0013,-0.006548
2017-12-13,1.0055,0.004195
2017-12-14,1.0062,0.000696
2017-12-15,1.0003,-0.005864
2017-12-18,1.0011,0.0008
2017-12-19,1.0092,0.008091
2017-12-20,1.0055,-0.003666
2017-12-21,1.0102,0.004674
2017-12-22,1.0069,-0.003267
2017-12-25,0.9994,-0.007449
2017-12-26,1.0049,0.005503
2017-12-27,0.9961,-0.008757
2017-12-28,1.0025,0.006425
2017-12-29,1.0119,0.009377
2017-12-31,1.0119,0.0
2018-01-02,1.0195,0.007511
2018-01-03,1.0255,0.005885
2018-01-04,1.0264,0.000878
2018-01-05,1.0253,-0.001072
2018-01-08,1.0277,0.002341
2018-01-09,1.0262,-0.00146
2018-01-10,1.0241,-0.002046
2018-01-11,1.0294,0.005175
2018-01-12,1.0219,-0.007286
2018-01-15,1.0061,-0.015461
2018-01-16,1.0109,0.004771
2018-01-17,1.0093,-0.001583
2018-01-18,1.0226,0.013177
2018-01-19,1.0251,0.002445
2018-01-22,1.0339,0.008585
2018-01-23,1.0363,0.002321
2018-01-24,1.0485,0.011773
2018-01-25,1.0454,-0.002957
2018-01-26,1.0445,-0.000861
2018-01-29,1.0383,-0.005936
2018-01-30,1.0409,0.002504
2018-01-31,1.0391,-0.001729
2018-02-01,1.0212,-0.017226
2018-02-02,1.0226,0.001371
2018-02-05,1.025,0.002347
2018-02-06,0.9885,-0.03561
2018-02-07,0.9837,-0.004856
2018-02-08,0.9902,0.006608
2018-02-09,0.9571,-0.033428
2018-02-12,0.9843,0.028419
2018-02-13,0.9944,0.010261
2018-02-14,0.9997,0.00533
2018-02-22,1.021,0.021306
2018-02-23,1.0187,-0.002253
2018-02-26,1.039,0.019927
2018-02-27,1.0392,0.000192
2018-02-28,1.0425,0.003176
2018-03-01,1.058,0.014868
2018-03-02,1.0479,-0.009546
2018-03-05,1.0485,0.000573
2018-03-06,1.0623,0.013162
2018-03-07,1.0522,-0.009508
2018-03-08,1.0561,0.003707
2018-03-09,1.0679,0.011173
2018-03-12,1.0788,0.010207
2018-03-13,1.0685,-0.009548
2018-03-14,1.0599,-0.008049
2018-03-15,1.0574,-0.002359
2018-03-16,1.0502,-0.006809
2018-03-19,1.047,-0.003047
2018-03-20,1.053,0.005731
2018-03-21,1.0426,-0.009877
2018-03-22,1.038,-0.004412
2018-03-23,0.9969,-0.039595
2018-03-26,1.0112,0.014344
2018-03-27,1.0296,0.018196
2018-03-28,1.0224,-0.006993
2018-03-29,1.0319,0.009292
2018-03-30,1.0475,0.015118
2018-04-02,1.045,-0.002387
2018-04-03,1.0347,-0.009856
2018-04-04,1.0306,-0.003963
2018-04-09,1.0284,-0.002135
2018-04-10,1.0347,0.006126
2018-04-11,1.0429,0.007925
2018-04-12,1.0383,-0.004411
2018-04-13,1.0406,0.002215
2018-04-16,1.0376,-0.002883
2018-04-17,1.0157,-0.021106
2018-04-18,1.0273,0.011421
2018-04-19,1.0274,9.7e-05
2018-04-20,1.0113,-0.015671
2018-04-23,1.0048,-0.006427
2018-04-24,1.0263,0.021397
2018-04-25,1.0299,0.003508
2018-04-26,1.0149,-0.014565
2018-04-27,1.0161,0.001182
2018-05-02,1.0171,0.000984
2018-05-03,1.0264,0.009144
2018-05-04,1.0268,0.00039
2018-05-07,1.0364,0.009349
2018-05-08,1.0421,0.0055
2018-05-09,1.0424,0.000288
2018-05-10,1.0477,0.005084
2018-05-11,1.0415,-0.005918
2018-05-14,1.0434,0.001824
2018-05-15,1.0497,0.006038
2018-05-16,1.0584,0.008288
2018-05-17,1.0544,-0.003779
2018-05-18,1.0555,0.001043
2018-05-21,1.067,0.010895
2018-05-22,1.0708,0.003561
2018-05-23,1.0566,-0.013261
2018-05-24,1.0563,-0.000284
2018-05-25,1.0499,-0.006059
2018-05-28,1.061,0.010572
2018-05-29,1.0568,-0.003959
2018-05-30,1.0368,-0.018925
2018-05-31,1.0629,0.025174
2018-06-01,1.0472,-0.014771
2018-06-04,1.0445,-0.002578
2018-06-05,1.0707,0.025084
2018-06-06,1.0742,0.003269
2018-06-07,1.066,-0.007634
2018-06-08,1.0535,-0.011726
2018-06-11,1.0503,-0.003037
2018-06-12,1.056,0.005427
2018-06-13,1.0493,-0.006345
2018-06-14,1.0456,-0.003526
2018-06-15,1.0402,-0.005164
2018-06-19,1.0199,-0.019515
2018-06-20,1.0248,0.004804
2018-06-21,1.018,-0.006635
2018-06-22,1.0226,0.004519
2018-06-25,1.0218,-0.000782
2018-06-26,1.0227,0.000881
2018-06-27,1.019,-0.003618
2018-06-28,1.0172,-0.001766
2018-06-29,1.0268,0.009438
2018-06-30,1.0268,0.0
2018-07-02,1.019,-0.007596
2018-07-03,1.0201,0.001079
2018-07-04,1.0145,-0.00549
2018-07-05,1.0094,-0.005027
2018-07-06,1.012,0.002576
2018-07-09,1.0224,0.010277
2018-07-10,1.0285,0.005966
2018-07-11,1.0207,-0.007584
2018-07-12,1.0435,0.022338
2018-07-13,1.0508,0.006996
2018-07-16,1.0505,-0.000285
2018-07-17,1.0436,-0.006568
2018-07-18,1.0341,-0.009103
2018-07-19,1.0288,-0.005125
2018-07-20,1.0356,0.00661
2018-07-23,1.0434,0.007532
2018-07-24,1.0523,0.00853
2018-07-25,1.0488,-0.003326
2018-07-26,1.0378,-0.010488
2018-07-27,1.0334,-0.00424
2018-07-30,1.0204,-0.01258
2018-07-31,1.0192,-0.001176
2018-08-01,1.0086,-0.0104
2018-08-02,0.9904,-0.018045
2018-08-03,0.9746,-0.015953
2018-08-06,0.953,-0.022163
2018-08-07,0.9783,0.026548
2018-08-08,0.9646,-0.014004
2018-08-09,0.9873,0.023533
2018-08-10,0.9885,0.001215
2018-08-13,0.9905,0.002023
2018-08-14,0.9855,-0.005048
2018-08-15,0.9645,-0.021309
2018-08-16,0.9599,-0.004769
2018-08-17,0.9466,-0.013856
2018-08-20,0.9497,0.003275
2018-08-21,0.9656,0.016742
2018-08-22,0.9575,-0.008389
2018-08-23,0.957,-0.000522
2018-08-24,0.9559,-0.001149
2018-08-27,0.9802,0.025421
2018-08-28,0.9788,-0.001428
2018-08-29,0.9739,-0.005006
2018-08-30,0.9624,-0.011808
2018-08-31,0.9548,-0.007897
2018-09-03,0.9539,-0.000943
2018-09-04,0.9633,0.009854
2018-09-05,0.9437,-0.020347
2018-09-06,0.9327,-0.011656
2018-09-07,0.9329,0.000214
2018-09-10,0.9153,-0.018866
2018-09-11,0.9101,-0.005681
2018-09-12,0.9001,-0.010988
2018-09-13,0.905,0.005444
2018-09-14,0.9008,-0.004641
2018-09-17,0.8912,-0.010657
2018-09-18,0.9058,0.016382
2018-09-19,0.9178,0.013248
2018-09-20,0.9213,0.003813
2018-09-21,0.9388,0.018995
2018-09-25,0.9379,-0.000959
2018-09-26,0.9486,0.011408
2018-09-27,0.9416,-0.007379
2018-09-28,0.9518,0.010833
2018-10-08,0.9176,-0.035932
2018-10-09,0.9113,-0.006866
2018-10-10,0.9132,0.002085
2018-10-11,0.8674,-0.050153
2018-10-12,0.8776,0.011759
2018-10-15,0.8669,-0.012192
2018-10-16,0.8524,-0.016726
2018-10-17,0.8598,0.008681
2018-10-18,0.8422,-0.02047
2018-10-19,0.8701,0.033128
2018-10-22,0.9026,0.037352
2018-10-23,0.8799,-0.02515
2018-10-24,0.8787,-0.001364
2018-10-25,0.8714,-0.008308
2018-10-26,0.8702,-0.001377
2018-10-29,0.8491,-0.024247
2018-10-30,0.8568,0.009068
2018-10-31,0.8749,0.021125
2018-11-01,0.8796,0.005372
2018-11-02,0.9057,0.029673
2018-11-05,0.9027,-0.003312
2018-11-06,0.9016,-0.001219
2018-11-07,0.9009,-0.000776
2018-11-08,0.8932,-0.008547
2018-11-09,0.8928,-0.000448
2018-11-12,0.9055,0.014225
2018-11-13,0.913,0.008283
2018-11-14,0.9085,-0.004929
2018-11-15,0.9159,0.008145
2018-11-16,0.9153,-0.000655
2018-11-19,0.917,0.001857
2018-11-20,0.8942,-0.024864
2018-11-21,0.8982,0.004473
2018-11-22,0.8975,-0.000779
2018-11-23,0.8726,-0.027744
2018-11-26,0.8649,-0.008824
2018-11-27,0.8664,0.001734
2018-11-28,0.8798,0.015466
2018-11-29,0.8659,-0.015799
2018-11-30,0.8729,0.008084
2018-12-03,0.8965,0.027036
2018-12-04,0.9041,0.008477
2018-12-05,0.8986,-0.006083
2018-12-06,0.8794,-0.021367
2018-12-07,0.8764,-0.003411
2018-12-10,0.8693,-0.008101
2018-12-11,0.8723,0.003451
2018-12-12,0.8719,-0.000459
2018-12-13,0.8806,0.009978
2018-12-14,0.8666,-0.015898
2018-12-17,0.8613,-0.006116
2018-12-18,0.8571,-0.004876
2018-12-19,0.8459,-0.013067
2018-12-20,0.8489,0.003547
2018-12-21,0.8452,-0.004359
2018-12-24,0.857,0.013961
2018-12-25,0.8573,0.00035
2018-12-26,0.8552,-0.00245
2018-12-27,0.8503,-0.00573
2018-12-28,0.8513,0.001176
2018-12-31,0.8512,-0.000117
2019-01-02,0.8401,-0.01304
2019-01-03,0.8242,-0.018926
2019-01-04,0.8413,0.020747
2019-01-07,0.8555,0.016879
2019-01-08,0.8546,-0.001052
2019-01-09,0.857,0.002808
2019-01-10,0.8553,-0.001984
2019-01-11,0.8566,0.00152
2019-01-14,0.8527,-0.004553
2019-01-15,0.8654,0.014894
2019-01-16,0.8691,0.004275
2019-01-17,0.8616,-0.00863
2019-01-18,0.8699,0.009633
2019-01-21,0.8776,0.008852
2019-01-22,0.8697,-0.009002
2019-01-23,0.8749,0.005979
2019-01-24,0.8812,0.007201
2019-01-25,0.88,-0.001362
2019-01-28,0.8801,0.000114
2019-01-29,0.8757,-0.004999
2019-01-30,0.8674,-0.009478
2019-01-31,0.8653,-0.002421
2019-02-01,0.8816,0.018837
2019-02-11,0.9041,0.025522
2019-02-12,0.9132,0.010065
2019-02-13,0.9228,0.010512
2019-02-14,0.9215,-0.001409
2019-02-15,0.9157,-0.006294
2019-02-18,0.9444,0.031342
2019-02-19,0.9404,-0.004235
2019-02-20,0.944,0.003828
2019-02-21,0.9414,-0.002754
2019-02-22,0.9497,0.008817
2019-02-25,0.9796,0.031484
2019-02-26,0.9784,-0.001225
2019-02-27,0.9709,-0.007666
2019-02-28,0.9757,0.004944
2019-03-01,0.9811,0.005534
2019-03-04,0.9983,0.017531
2019-03-05,1.0115,0.013222
2019-03-06,1.0207,0.009095
2019-03-07,1.0175,-0.003135
2019-03-08,0.9808,-0.036069
2019-03-11,1.0209,0.040885
2019-03-12,1.0491,0.027623
2019-03-13,1.027,-0.021066
2019-03-14,1.0186,-0.008179
2019-03-15,1.0268,0.00805
2019-03-18,1.055,0.027464
2019-03-19,1.0536,-0.001327
2019-03-20,1.0501,-0.003322
2019-03-21,1.0553,0.004952
2019-03-22,1.0601,0.004548
2019-03-25,1.0598,-0.000283
2019-03-26,1.0474,-0.0117
2019-03-27,1.0674,0.019095
2019-03-28,1.0695,0.001967
2019-03-29,1.0878,0.017111
2019-04-01,1.1225,0.031899
2019-04-02,1.1235,0.000891
2019-04-03,1.1215,-0.00178
2019-04-04,1.1319,0.009273
2019-04-08,1.1381,0.005478
2019-04-09,1.1239,-0.012477
2019-04-10,1.1291,0.004627
2019-04-11,1.1016,-0.024356
2019-04-12,1.1047,0.002814
2019-04-15,1.0934,-0.010229
2019-04-16,1.1099,0.015091
2019-04-17,1.1164,0.005856
2019-04-18,1.1279,0.010301
2019-04-19,1.1354,0.00665
2019-04-22,1.1229,-0.011009
2019-04-23,1.1176,-0.00472
2019-04-24,1.1215,0.00349
2019-04-25,1.0989,-0.020152
2019-04-26,1.0889,-0.0091
2019-04-29,1.0799,-0.008265
2019-04-30,1.1002,0.018798
2019-05-06,1.0425,-0.052445
2019-05-07,1.0502,0.007386
2019-05-08,1.044,-0.005904
2019-05-09,1.0374,-0.006322
2019-05-10,1.0654,0.026991
2019-05-13,1.0573,-0.007603
2019-05-14,1.0516,-0.005391
2019-05-15,1.0681,0.01569
2019-05-16,1.0734,0.004962
2019-05-17,1.0408,-0.030371
2019-05-20,1.042,0.001153
2019-05-21,1.058,0.015355
2019-05-22,1.0483,-0.009168
2019-05-23,1.0307,-0.016789
2019-05-24,1.0311,0.000388
2019-05-27,1.0535,0.021724
2019-05-28,1.0524,-0.001044
2019-05-29,1.0541,0.001615
2019-05-30,1.0469,-0.00683
2019-05-31,1.0485,0.001528
2019-06-03,1.0403,-0.007821
2019-06-04,1.0107,-0.028453
2019-06-05,1.0094,-0.001286
2019-06-06,0.991,-0.018229
2019-06-10,0.9976,0.00666
2019-06-11,1.0255,0.027967
2019-06-12,1.0197,-0.005656
2019-06-13,1.0239,0.004119
2019-06-14,1.009,-0.014552
2019-06-17,1.007,-0.001982
2019-06-18,1.0079,0.000894
2019-06-19,1.0192,0.011211
2019-06-20,1.0326,0.013148
2019-06-21,1.0468,0.013752
2019-06-24,1.0509,0.003917
2019-06-25,1.0442,-0.006375
2019-06-26,1.0458,0.001532
2019-06-27,1.0568,0.010518
2019-06-28,1.0498,-0.006624
2019-06-30,1.0497,-9.5e-05
2019-07-01,1.0707,0.020006
2019-07-02,1.0724,0.001588
2019-07-03,1.0679,-0.004196
2019-07-04,1.0741,0.005806
2019-07-05,1.0733,-0.000745
2019-07-08,1.0541,-0.017889
2019-07-09,1.053,-0.001044
2019-07-10,1.0508,-0.002089
2019-07-11,1.0548,0.003807
2019-07-12,1.0572,0.002275
2019-07-15,1.0656,0.007946
2019-07-16,1.067,0.001314
2019-07-17,1.0607,-0.005904
2019-07-18,1.0465,-0.013387
2019-07-19,1.0529,0.006116
2019-07-22,1.0355,-0.016526
2019-07-23,1.0442,0.008402
2019-07-24,1.0538,0.009194
2019-07-25,1.0548,0.000949
2019-07-26,1.0576,0.002655
2019-07-29,1.0574,-0.000189
2019-07-30,1.0695,0.011443
2019-07-31,1.0676,-0.001777
2019-08-01,1.065,-0.002435
2019-08-02,1.0511,-0.013052
2019-08-05,1.0404,-0.01018
2019-08-06,1.0159,-0.023549
2019-08-07,1.0127,-0.00315
2019-08-08,1.0173,0.004542
2019-08-09,1.0032,-0.01386
2019-08-12,1.0175,0.014254
2019-08-13,1.0074,-0.009926
2019-08-14,1.0183,0.01082
2019-08-15,1.0201,0.001768
2019-08-16,1.0228,0.002647
2019-08-19,1.0445,0.021216
2019-08-20,1.0438,-0.00067
2019-08-21,1.0442,0.000383
2019-08-22,1.0432,-0.000958
2019-08-23,1.0424,-0.000767
2019-08-26,1.0319,-0.010073
2019-08-27,1.0468,0.014439
2019-08-28,1.0436,-0.003057
2019-08-29,1.0421,-0.001437
2019-08-30,1.0361,-0.005758
2019-09-02,1.0539,0.01718
2019-09-03,1.0559,0.001898
2019-09-04,1.061,0.00483
2019-09-05,1.0652,0.003959
2019-09-06,1.0664,0.001127
2019-09-09,1.0824,0.015004
2019-09-10,1.0828,0.00037
2019-09-11,1.0765,-0.005818
2019-09-12,1.0837,0.006688
2019-09-16,1.0848,0.001015
2019-09-17,1.0671,-0.016316
2019-09-18,1.0667,-0.000375
2019-09-19,1.0765,0.009187
2019-09-20,1.0809,0.004087
2019-09-23,1.074,-0.006384
2019-09-24,1.072,-0.001862
2019-09-25,1.056,-0.014925
2019-09-26,1.0415,-0.013731
2019-09-27,1.0419,0.000384
2019-09-30,1.0325,-0.009022
2019-10-08,1.0342,0.001646
2019-10-09,1.0414,0.006962
2019-10-10,1.0497,0.00797
2019-10-11,1.0531,0.003239
2019-10-14,1.0651,0.011395
2019-10-15,1.0651,0.0
2019-10-16,1.0647,-0.000376
2019-10-17,1.0611,-0.003381
2019-10-18,1.05,-0.010461
2019-10-21,1.0448,-0.004952
2019-10-22,1.0526,0.007466
2019-10-23,1.0486,-0.0038
2019-10-24,1.0543,0.005436
2019-10-25,1.0597,0.005122
2019-10-28,1.0679,0.007738
2019-10-29,1.0627,-0.004869
2019-10-30,1.0517,-0.010351
2019-10-31,1.0427,-0.008558
2019-11-01,1.0524,0.009303
2019-11-04,1.0608,0.007982
2019-11-05,1.0587,-0.00198
2019-11-06,1.0571,-0.001511
2019-11-07,1.065,0.007473
2019-11-08,1.0603,-0.004413
2019-11-11,1.0326,-0.026125
2019-11-12,1.0302,-0.002324
2019-11-13,1.0281,-0.002038
2019-11-14,1.0349,0.006614
2019-11-15,1.0244,-0.010146
2019-11-18,1.029,0.00449
2019-11-19,1.042,0.012634
2019-11-20,1.0326,-0.009021
2019-11-21,1.027,-0.005423
2019-11-22,1.0136,-0.013048
2019-11-25,1.013,-0.000592
2019-11-26,1.013,0.0
2019-11-27,1.0143,0.001283
2019-11-28,1.0151,0.000789
2019-11-29,1.0176,0.002463
2019-12-02,1.0185,0.000884
2019-12-03,1.0232,0.004615
2019-12-04,1.0239,0.000684
2019-12-05,1.0347,0.010548
2019-12-06,1.0413,0.006379
2019-12-09,1.0436,0.002209
2019-12-10,1.0457,0.002012
2019-12-11,1.042,-0.003538
2019-12-12,1.0396,-0.002303
2019-12-13,1.0578,0.017507
2019-12-16,1.068,0.009643
2019-12-17,1.0808,0.011985
2019-12-18,1.0773,-0.003238
2019-12-19,1.0808,0.003249
2019-12-20,1.0768,-0.003701
2019-12-23,1.0628,-0.013001
2019-12-24,1.0773,0.013643
2019-12-25,1.0774,9.3e-05
2019-12-26,1.0877,0.00956
2019-12-27,1.0794,-0.007631
2019-12-30,1.0896,0.00945
2019-12-31,1.0939,0.003946
2020-01-02,1.1101,0.014809
2020-01-03,1.1078,-0.002072
2020-01-06,1.1074,-0.000361
2020-01-07,1.1205,0.01183
2020-01-08,1.1126,-0.00705
2020-01-09,1.1264,0.012403
2020-01-10,1.1246,-0.001598
2020-01-13,1.1355,0.009692
2020-01-14,1.1369,0.001233
2020-01-15,1.1312,-0.005014
2020-01-16,1.132,0.000707
2020-01-17,1.1303,-0.001502
2020-01-20,1.1475,0.015217
2020-01-21,1.1328,-0.01281
2020-01-22,1.1408,0.007062
2020-01-23,1.11,-0.026999
2020-02-03,1.0303,-0.071802
2020-02-04,1.0389,0.008347
2020-02-05,1.061,0.021272
2020-02-06,1.0953,0.032328
2020-02-07,1.1034,0.007395
2020-02-10,1.1215,0.016404
2020-02-11,1.1111,-0.009273
2020-02-12,1.1274,0.01467
2020-02-13,1.1141,-0.011797
2020-02-14,1.1179,0.003411
2020-02-17,1.1541,0.032382
2020-02-18,1.1686,0.012564
2020-02-19,1.1674,-0.001027
2020-02-20,1.1828,0.013192
2020-02-21,1.1883,0.00465
2020-02-24,1.1984,0.0085
2020-02-25,1.1909,-0.006258
2020-02-26,1.1658,-0.021076
2020-02-27,1.1774,0.00995
2020-02-28,1.1207,-0.048157
2020-03-02,1.1688,0.04292
2020-03-03,1.1812,0.010609
2020-03-04,1.1956,0.012191
2020-03-05,1.2122,0.013884
2020-03-06,1.2047,-0.006187
2020-03-09,1.1673,-0.031045
2020-03-10,1.1879,0.017648
2020-03-11,1.1699,-0.015153
2020-03-12,1.146,-0.020429
2020-03-13,1.1362,-0.008551
2020-03-16,1.0882,-0.042246
2020-03-17,1.0882,0.0
2020-03-18,1.076,-0.011211
2020-03-19,1.0837,0.007156
2020-03-20,1.0989,0.014026
2020-03-23,1.055,-0.039949
2020-03-24,1.0709,0.015071
2020-03-25,1.098,0.025306
2020-03-26,1.0904,-0.006922
2020-03-27,1.0941,0.003393
2020-03-30,1.0737,-0.018645
2020-03-31,1.0869,0.012294
2020-04-01,1.0834,-0.00322
2020-04-02,1.1061,0.020953
2020-04-03,1.1027,-0.003074
2020-04-07,1.1341,0.028476
2020-04-08,1.1341,0.0
2020-04-09,1.1443,0.008994
2020-04-10,1.1244,-0.017391
2020-04-13,1.1246,0.000178
2020-04-14,1.1407,0.014316
2020-04-15,1.1324,-0.007276
2020-04-16,1.14,0.006711
2020-04-17,1.1434,0.002982
2020-04-20,1.1631,0.017229
2020-04-21,1.167,0.003353
2020-04-22,1.1738,0.005827
2020-04-23,1.1618,-0.010223
2020-04-24,1.143,-0.016182
2020-04-27,1.1428,-0.000175
2020-04-28,1.1395,-0.002888
2020-04-29,1.1411,0.001404
2020-04-30,1.1537,0.011042
2020-05-06,1.167,0.011528
2020-05-07,1.1725,0.004713
2020-05-08,1.1848,0.01049
2020-05-11,1.1833,-0.001266
2020-05-12,1.1909,0.006423
2020-05-13,1.2011,0.008565
2020-05-14,1.19,-0.009242
2020-05-15,1.1859,-0.003445
2020-05-18,1.1966,0.009023
2020-05-19,1.2051,0.007103
2020-05-20,1.1937,-0.00946
2020-05-21,1.1837,-0.008377
2020-05-22,1.1608,-0.019346
2020-05-25,1.1622,0.001206
2020-05-26,1.1792,0.014627
2020-05-27,1.1659,-0.011279
2020-05-28,1.1683,0.002058
2020-05-29,1.1772,0.007618
2020-06-01,1.2104,0.028203
2020-06-02,1.2127,0.0019
2020-06-03,1.2174,0.003876
2020-06-04,1.2194,0.001643
2020-06-05,1.2201,0.000574
2020-06-08,1.2235,0.002787
2020-06-09,1.2291,0.004577
2020-06-10,1.2319,0.002278
2020-06-11,1.2203,-0.009416
2020-06-12,1.2217,0.001147
2020-06-15,1.2127,-0.007367
2020-06-16,1.2324,0.016245
2020-06-17,1.2407,0.006735
2020-06-18,1.2466,0.004755
2020-06-19,1.2622,0.012514
2020-06-22,1.2605,-0.001347
2020-06-23,1.265,0.00357
2020-06-24,1.2724,0.00585
2020-06-29,1.2704,-0.001572
2020-06-30,1.2871,0.013145
2020-07-01,1.3018,0.011421
2020-07-02,1.3166,0.011369
2020-07-03,1.3299,0.010102
2020-07-06,1.3795,0.037296
2020-07-07,1.3944,0.010801
2020-07-08,1.418,0.016925
2020-07-09,1.4405,0.015867
2020-07-10,1.4256,-0.010344
2020-07-13,1.4635,0.026585
2020-07-14,1.4543,-0.006286
2020-07-15,1.441,-0.009145
2020-07-16,1.3731,-0.04712
2020-07-17,1.3861,0.009468
2020-07-20,1.4258,0.028642
2020-07-21,1.433,0.00505
2020-07-22,1.4403,0.005094
2020-07-23,1.445,0.003263
2020-07-24,1.3738,-0.049273
2020-07-27,1.3819,0.005896
2020-07-28,1.4029,0.015196
2020-07-29,1.4309,0.019959
2020-07-30,1.4249,-0.004193
2020-07-31,1.4392,0.010036
2020-08-03,1.4565,0.012021
2020-08-04,1.4576,0.000755
2020-08-05,1.4596,0.001372
2020-08-06,1.4418,-0.012195
2020-08-07,1.4283,-0.009363
2020-08-10,1.431,0.00189
2020-08-11,1.4187,-0.008595
2020-08-12,1.3999,-0.013252
2020-08-13,1.3973,-0.001857
2020-08-14,1.4166,0.013812
2020-08-17,1.4428,0.018495
2020-08-18,1.4496,0.004713
2020-08-19,1.4278,-0.015039
2020-08-20,1.4148,-0.009105
2020-08-21,1.4326,0.012581
2020-08-24,1.4493,0.011657
2020-08-25,1.4603,0.00759
2020-08-26,1.442,-0.012532
2020-08-27,1.458,0.011096
2020-08-28,1.4844,0.018107
2020-08-31,1.4821,-0.001549
2020-09-01,1.4892,0.00479
2020-09-02,1.4893,6.7e-05
2020-09-03,1.4689,-0.013698
2020-09-04,1.448,-0.014228
2020-09-07,1.411,-0.025552
2020-09-08,1.4141,0.002197
2020-09-09,1.3712,-0.030337
2020-09-10,1.3747,0.002553
2020-09-11,1.3958,0.015349
2020-09-14,1.4029,0.005087
2020-09-15,1.4146,0.00834
2020-09-16,1.4025,-0.008554
2020-09-17,1.3957,-0.004848
2020-09-18,1.4195,0.017052
2020-09-21,1.4097,-0.006904
2020-09-22,1.4053,-0.003121
2020-09-23,1.4148,0.00676
2020-09-24,1.3831,-0.022406
2020-09-25,1.3819,-0.000868
2020-09-28,1.3831,0.000868
2020-09-29,1.3912,0.005856
2020-09-30,1.3924,0.000863
2020-10-09,1.4349,0.030523
2020-10-12,1.4785,0.030385
2020-10-13,1.4758,-0.001826
2020-10-14,1.4741,-0.001152
2020-10-15,1.4724,-0.001153
2020-10-16,1.4676,-0.00326
2020-10-19,1.4461,-0.01465
2020-10-20,1.4605,0.009958
2020-10-21,1.4453,-0.010407
2020-10-22,1.4354,-0.00685
2020-10-23,1.4012,-0.023826
2020-10-26,1.4065,0.003782
2020-10-27,1.4148,0.005901
2020-10-28,1.4258,0.007775
2020-10-29,1.4375,0.008206
2020-10-30,1.411,-0.018435
2020-11-02,1.4234,0.008788
2020-11-03,1.4322,0.006182
2020-11-04,1.4436,0.00796
2020-11-05,1.4612,0.012192
2020-11-06,1.4453,-0.010881
2020-11-09,1.4671,0.015083
2020-11-10,1.4568,-0.007021
2020-11-11,1.4364,-0.014003
2020-11-12,1.4434,0.004873
2020-11-13,1.4368,-0.004573
2020-11-16,1.4465,0.006751
2020-11-17,1.4332,-0.009195
2020-11-18,1.4226,-0.007396
2020-11-19,1.4392,0.011669
2020-11-20,1.4472,0.005559
2020-11-23,1.4577,0.007255
2020-11-24,1.4488,-0.006106
2020-11-25,1.4234,-0.017532
2020-11-26,1.4162,-0.005058
2020-11-27,1.4253,0.006426
2020-11-30,1.4088,-0.011577
2020-12-01,1.4334,0.017462
2020-12-02,1.4351,0.001186
2020-12-03,1.4376,0.001742
2020-12-04,1.4511,0.009391
2020-12-07,1.4538,0.001861
2020-12-08,1.4551,0.000894
2020-12-09,1.4386,-0.011339
2020-12-10,1.4498,0.007785
2020-12-11,1.4318,-0.012416
2020-12-14,1.4504,0.012991
2020-12-15,1.4636,0.009101
2020-12-16,1.4694,0.003963
2020-12-17,1.4856,0.011025
2020-12-18,1.4753,-0.006933
2020-12-21,1.5053,0.020335
2020-12-22,1.4892,-0.010696
2020-12-23,1.4992,0.006715
2020-12-24,1.4784,-0.013874
2020-12-25,1.4995,0.014272
2020-12-28,1.4948,-0.003134
2020-12-29,1.4841,-0.007158
2020-12-30,1.4972,0.008827
2020-12-31,1.5323,0.023444
2021-01-04,1.5688,0.02382
2021-01-05,1.586,0.010964
2021-01-06,1.573,-0.008197
2021-01-07,1.5707,-0.001462
2021-01-08,1.5631,-0.004839
2021-01-11,1.5658,0.001727
2021-01-12,1.5925,0.017052
2021-01-13,1.5936,0.000691
2021-01-14,1.591,-0.001632
2021-01-15,1.5878,-0.002011
2021-01-18,1.6282,0.025444
2021-01-19,1.6124,-0.009704
2021-01-20,1.6505,0.023629
2021-01-21,1.6767,0.015874
2021-01-22,1.6923,0.009304
2021-01-25,1.6895,-0.001655
2021-01-26,1.656,-0.019828
2021-01-27,1.6746,0.011232
2021-01-28,1.641,-0.020064
2021-01-29,1.6354,-0.003413
2021-02-01,1.6342,-0.000734
2021-02-02,1.6707,0.022335
2021-02-03,1.657,-0.0082
2021-02-04,1.6487,-0.005009
2021-02-05,1.6294,-0.011706
2021-02-08,1.6534,0.014729
2021-02-09,1.6859,0.019656
2021-02-10,1.6894,0.002076
2021-02-18,1.6865,-0.001717
2021-02-19,1.6854,-0.000652
2021-02-22,1.6352,-0.029785
2021-02-23,1.6319,-0.002018
2021-02-24,1.5932,-0.023715
2021-02-25,1.5995,0.003954
2021-02-26,1.5735,-0.016255
2021-03-01,1.6198,0.029425
2021-03-02,1.604,-0.009754
2021-03-03,1.6186,0.009102
2021-03-04,1.5733,-0.027987
2021-03-05,1.5718,-0.000953
2021-03-08,1.5373,-0.021949
2021-03-09,1.4982,-0.025434
2021-03-10,1.4961,-0.001402
2021-03-11,1.5236,0.018381
2021-03-12,1.5221,-0.000985
2021-03-15,1.5042,-0.01176
2021-03-16,1.5037,-0.000332
2021-03-17,1.5191,0.010241
2021-03-18,1.553,0.022316
2021-03-19,1.5206,-0.020863
2021-03-22,1.5426,0.014468
2021-03-23,1.521,-0.014002
2021-03-24,1.4857,-0.023208
2021-03-25,1.4978,0.008144
2021-03-26,1.5258,0.018694
2021-03-29,1.5294,0.002359
2021-03-30,1.5392,0.006408
2021-03-31,1.5334,-0.003768
2021-04-01,1.5552,0.014217
2021-04-02,1.562,0.004372
2021-04-06,1.5706,0.005506
2021-04-07,1.5637,-0.004393
2021-04-08,1.5735,0.006267
2021-04-09,1.5703,-0.002034
2021-04-12,1.5207,-0.031586
2021-04-13,1.5141,-0.00434
2021-04-14,1.5415,0.018097
2021-04-15,1.5369,-0.002984
2021-04-16,1.537,6.5e-05
2021-04-19,1.5611,0.01568
2021-04-20,1.5664,0.003395
2021-04-21,1.5655,-0.000575
2021-04-22,1.5816,0.010284
2021-04-23,1.5845,0.001834
2021-04-26,1.5875,0.001893
2021-04-27,1.5738,-0.00863
2021-04-28,1.5977,0.015186
2021-04-29,1.5875,-0.006384
2021-04-30,1.5697,-0.011213
2021-05-06,1.5589,-0.00688
2021-05-07,1.5304,-0.018282
2021-05-10,1.5062,-0.015813
2021-05-11,1.5048,-0.000929
2021-05-12,1.5177,0.008573
2021-05-13,1.5047,-0.008566
2021-05-14,1.5206,0.010567
2021-05-17,1.5487,0.01848
2021-05-18,1.5568,0.00523
2021-05-19,1.5691,0.007901
2021-05-20,1.5899,0.013256
2021-05-21,1.5945,0.002893
2021-05-24,1.6156,0.013233
2021-05-25,1.6358,0.012503
2021-05-26,1.6437,0.004829
2021-05-27,1.6809,0.022632
2021-05-28,1.6852,0.002558
2021-05-31,1.7159,0.018217
2021-06-01,1.7379,0.012821
2021-06-02,1.7118,-0.015018
2021-06-03,1.6965,-0.008938
2021-06-04,1.7217,0.014854
2021-06-07,1.7457,0.01394
2021-06-08,1.7138,-0.018273
2021-06-09,1.7339,0.011728
2021-06-10,1.7624,0.016437
2021-06-11,1.7592,-0.001816
2021-06-15,1.7702,0.006253
2021-06-16,1.7284,-0.023613
2021-06-17,1.7875,0.034193
2021-06-18,1.7976,0.00565
2021-06-21,1.8051,0.004172
2021-06-22,1.8245,0.010747
2021-06-23,1.8431,0.010195
2021-06-24,1.8159,-0.014758
2021-06-25,1.8655,0.027314
2021-06-28,1.8981,0.017475
2021-06-29,1.8775,-0.010853
2021-06-30,1.9387,0.032597
2021-07-01,1.9286,-0.00521
2021-07-02,1.9129,-0.008141
2021-07-05,1.9279,0.007841
2021-07-06,1.8929,-0.018154
2021-07-07,1.9305,0.019864
2021-07-08,1.9212,-0.004817
2021-07-09,1.9161,-0.002655
2021-07-12,1.9649,0.025468
2021-07-13,1.9531,-0.006005
2021-07-14,1.9429,-0.005222
2021-07-15,1.9461,0.001647
2021-07-16,1.9376,-0.004368
2021-07-19,1.9361,-0.000774
2021-07-20,1.9581,0.011363
2021-07-21,1.991,0.016802
2021-07-22,2.0092,0.009141
2021-07-23,1.9925,-0.008312
2021-07-26,1.9589,-0.016863
2021-07-27,1.9214,-0.019143
2021-07-28,1.9007,-0.010773
2021-07-29,1.9582,0.030252
2021-07-30,1.9441,-0.0072
2021-08-02,1.9551,0.005658
2021-08-03,1.9256,-0.015089
2021-08-04,1.9625,0.019163
2021-08-05,1.9569,-0.002854
2021-08-06,1.9685,0.005928
2021-08-09,1.964,-0.002286
2021-08-10,1.9559,-0.004124
2021-08-11,1.9672,0.005777
2021-08-12,1.9856,0.009353
2021-08-13,1.9915,0.002971
2021-08-16,1.9867,-0.00241
2021-08-17,1.9614,-0.012735
2021-08-18,1.9643,0.001479
2021-08-19,1.9752,0.005549
2021-08-20,1.9734,-0.000911
2021-08-23,1.995,0.010946
2021-08-24,2.0008,0.002907
2021-08-25,2.0181,0.008647
2021-08-26,1.9909,-0.013478
2021-08-27,2.0114,0.010297
2021-08-30,2.0309,0.009695
2021-08-31,2.0322,0.00064
2021-09-01,2.009,-0.011416
2021-09-02,2.0174,0.004181
2021-09-03,1.9921,-0.012541
2021-09-06,2.0125,0.01024
2021-09-07,2.0449,0.016099
2021-09-08,2.0468,0.000929
2021-09-09,2.0506,0.001857
2021-09-10,2.0497,-0.000439
2021-09-13,2.0464,-0.00161
2021-09-14,2.052,0.002737
2021-09-15,2.0617,0.004727
2021-09-16,2.0296,-0.01557
2021-09-17,2.0327,0.001527
2021-09-22,2.0403,0.003739
2021-09-23,2.034,-0.003088
2021-09-24,2.0222,-0.005801
2021-09-27,2.0094,-0.00633
2021-09-28,2.0052,-0.00209
2021-09-29,1.9741,-0.01551
2021-09-30,2.0083,0.017324
2021-10-08,1.9874,-0.010407
2021-10-11,1.9763,-0.005585
2021-10-12,1.9542,-0.011183
2021-10-13,1.9722,0.009211
2021-10-14,1.9872,0.007606
2021-10-15,2.0056,0.009259
2021-10-18,2.0043,-0.000648
2021-10-19,2.009,0.002345
2021-10-20,2.021,0.005973
2021-10-21,2.0199,-0.000544
2021-10-22,2.0125,-0.003664
2021-10-25,2.0291,0.008248
2021-10-26,2.0302,0.000542
2021-10-27,2.0299,-0.000148
2021-10-28,2.0154,-0.007143
2021-10-29,2.0373,0.010866
2021-11-01,2.0402,0.001423
2021-11-02,2.0377,-0.001225
2021-11-03,2.0334,-0.00211
2021-11-04,2.0458,0.006098
2021-11-05,2.0344,-0.005572
2021-11-08,2.0323,-0.001032
2021-11-09,2.0387,0.003149
2021-11-10,2.0387,0.0
2021-11-11,2.0564,0.008682
2021-11-12,2.0628,0.003112
2021-11-15,2.056,-0.003296
2021-11-16,2.0651,0.004426
2021-11-17,2.0784,0.00644
2021-11-18,2.0799,0.000722
2021-11-19,2.0865,0.003173
2021-11-22,2.1167,0.014474
2021-11-23,2.1086,-0.003827
2021-11-24,2.1032,-0.002561
2021-11-25,2.0972,-0.002853
2021-11-26,2.0938,-0.001621
2021-11-29,2.1064,0.006018
2021-11-30,2.1001,-0.002991
2021-12-01,2.0977,-0.001143
2021-12-02,2.0827,-0.007151
2021-12-03,2.0943,0.00557
2021-12-06,2.0832,-0.0053
2021-12-07,2.0659,-0.008305
2021-12-08,2.1062,0.019507
2021-12-09,2.1153,0.004321
2021-12-10,2.1229,0.003593
2021-12-13,2.1281,0.002449
2021-12-14,2.1277,-0.000188
2021-12-15,2.11,-0.008319
2021-12-16,2.1082,-0.000853
2021-12-17,2.0896,-0.008823
2021-12-20,2.0654,-0.011581
2021-12-21,2.0725,0.003438
2021-12-22,2.0943,0.010519
2021-12-23,2.1031,0.004202
2021-12-24,2.0952,-0.003756
2021-12-27,2.09,-0.002482
2021-12-28,2.0976,0.003636
2021-12-29,2.0845,-0.006245
2021-12-30,2.0987,0.006812
2021-12-31,2.103,0.002049
2022-01-04,2.0768,-0.012458
2022-01-05,2.0388,-0.018297
2022-01-06,2.0402,0.000687
2022-01-07,2.0076,-0.015979
2022-01-10,2.0144,0.003387
2022-01-11,1.9911,-0.011567
2022-01-12,2.0088,0.00889
2022-01-13,1.9625,-0.023049
2022-01-14,1.9933,0.015694
2022-01-17,2.0198,0.013295
2022-01-18,2.0245,0.002327
2022-01-19,1.9802,-0.021882
2022-01-20,1.9643,-0.008029
2022-01-21,1.9492,-0.007687
2022-01-24,1.9791,0.01534
2022-01-25,1.9227,-0.028498
2022-01-26,1.9321,0.004889
2022-01-27,1.8764,-0.028829
2022-01-28,1.8536,-0.012151
2022-02-07,1.8313,-0.012031
2022-02-08,1.7966,-0.018948
2022-02-09,1.8337,0.02065
2022-02-10,1.7997,-0.018542
2022-02-11,1.7556,-0.024504
2022-02-14,1.7366,-0.010823
2022-02-15,1.7931,0.032535
2022-02-16,1.7959,0.001562
2022-02-17,1.8271,0.017373
2022-02-18,1.8251,-0.001095
2022-02-21,1.816,-0.004986
2022-02-22,1.8116,-0.002423
2022-02-23,1.8724,0.033561
2022-02-24,1.8381,-0.018319
2022-02-25,1.8753,0.020238
2022-02-28,1.8919,0.008852
2022-03-01,1.8929,0.000529
2022-03-02,1.8782,-0.007766
2022-03-03,1.8489,-0.0156
2022-03-04,1.8283,-0.011142
2022-03-07,1.7697,-0.032052
2022-03-08,1.7149,-0.030966
2022-03-09,1.7098,-0.002974
2022-03-10,1.7646,0.032051
2022-03-11,1.7703,0.00323
2022-03-14,1.7255,-0.025306
2022-03-15,1.6803,-0.026195
2022-03-16,1.7545,0.044159
2022-03-17,1.7783,0.013565
2022-03-18,1.7784,5.6e-05
2022-03-21,1.7848,0.003599
2022-03-22,1.7663,-0.010365
2022-03-23,1.7784,0.00685
2022-03-24,1.7617,-0.00939
2022-03-25,1.7229,-0.022024
2022-03-28,1.7039,-0.011028
2022-03-29,1.7066,0.001585
2022-03-30,1.7604,0.031525
2022-03-31,1.7269,-0.01903
2022-04-01,1.7391,0.007065
2022-04-06,1.6998,-0.022598
2022-04-07,1.6707,-0.01712
2022-04-08,1.6629,-0.004669
2022-04-11,1.5966,-0.03987
2022-04-12,1.6121,0.009708
2022-04-13,1.5799,-0.019974
2022-04-14,1.5872,0.004621
2022-04-15,1.5755,-0.007371
2022-04-18,1.5989,0.014852
2022-04-19,1.587,-0.007443
2022-04-20,1.5545,-0.020479
2022-04-21,1.5096,-0.028884
2022-04-22,1.4971,-0.00828
2022-04-25,1.3927,-0.069735
2022-04-26,1.3901,-0.001867
2022-04-27,1.4838,0.067405
2022-04-28,1.4899,0.004111
2022-04-29,1.5422,0.035103
2022-05-05,1.5521,0.006419
2022-05-06,1.5137,-0.024741
2022-05-09,1.5117,-0.001321
2022-05-10,1.5541,0.028048
2022-05-11,1.5878,0.021685
2022-05-12,1.5842,-0.002267
2022-05-13,1.5849,0.000442
2022-05-16,1.5751,-0.006183
2022-05-17,1.6101,0.022221
2022-05-18,1.6104,0.000186
2022-05-19,1.6363,0.016083
2022-05-20,1.6574,0.012895
2022-05-23,1.6669,0.005732
2022-05-24,1.6039,-0.037795
2022-05-25,1.6091,0.003242
2022-05-26,1.6223,0.008203
2022-05-27,1.6197,-0.001603
2022-05-30,1.6365,0.010372
2022-05-31,1.6604,0.014604
2022-06-01,1.6768,0.009877
2022-06-02,1.7217,0.026777
2022-06-06,1.7892,0.039205
2022-06-07,1.7842,-0.002795
2022-06-08,1.7977,0.007566
2022-06-09,1.7689,-0.01602
2022-06-10,1.8202,0.029001
2022-06-13,1.8618,0.022855
2022-06-14,1.8447,-0.009185
2022-06-15,1.8217,-0.012468
2022-06-16,1.8524,0.016852
2022-06-17,1.9321,0.043025
2022-06-20,1.9543,0.01149
2022-06-21,1.9215,-0.016784
2022-06-22,1.9224,0.000468
2022-06-23,1.9698,0.024657
2022-06-24,2.0018,0.016245
2022-06-27,2.0207,0.009442
2022-06-28,2.0445,0.011778
2022-06-29,1.9716,-0.035657
2022-06-30,2.0138,0.021404
2022-07-01,2.0342,0.01013
2022-07-04,2.0783,0.021679
2022-07-05,2.0685,-0.004715
2022-07-06,2.0556,-0.006236
2022-07-07,2.0942,0.018778
2022-07-08,2.0451,-0.023446
2022-07-11,2.0103,-0.017016
2022-07-12,1.9594,-0.02532
2022-07-13,1.9723,0.006584
2022-07-14,2.0282,0.028343
2022-07-15,2.0205,-0.003796
2022-07-18,1.9928,-0.013709
2022-07-19,1.9828,-0.005018
2022-07-20,1.9986,0.007969
2022-07-21,1.9822,-0.008206
2022-07-22,1.9752,-0.003531
2022-07-25,1.951,-0.012252
2022-07-26,1.9691,0.009277
2022-07-27,1.9795,0.005282
2022-07-28,1.9581,-0.010811
2022-07-29,1.9467,-0.005822
2022-08-01,1.9819,0.018082
2022-08-02,1.9527,-0.014733
2022-08-03,1.9218,-0.015824
2022-08-04,1.9208,-0.00052
2022-08-05,1.953,0.016764
2022-08-08,1.9721,0.00978
2022-08-09,2.0006,0.014452
2022-08-10,2.0024,0.0009
2022-08-11,2.0183,0.00794
2022-08-12,1.9899,-0.014071
2022-08-15,2.0214,0.01583
2022-08-16,2.0348,0.006629
2022-08-17,2.0181,-0.008207
2022-08-18,2.0306,0.006194
2022-08-19,1.9669,-0.03137
2022-08-22,1.9925,0.013015
2022-08-23,2.0153,0.011443
2022-08-24,1.9302,-0.042227
2022-08-25,1.8862,-0.022796
2022-08-26,1.8698,-0.008695
2022-08-29,1.8617,-0.004332
2022-08-30,1.8494,-0.006607
2022-08-31,1.7846,-0.035038
2022-09-01,1.7762,-0.004707
2022-09-02,1.777,0.00045
2022-09-05,1.7794,0.001351
2022-09-06,1.8267,0.026582
2022-09-07,1.8561,0.016095
2022-09-08,1.8346,-0.011583
2022-09-09,1.8206,-0.007631
2022-09-13,1.8186,-0.001099
2022-09-14,1.7949,-0.013032
2022-09-15,1.6898,-0.058555
2022-09-16,1.6703,-0.01154
2022-09-19,1.6617,-0.005149
2022-09-20,1.6916,0.017994
2022-09-21,1.6723,-0.011409
2022-09-22,1.6935,0.012677
2022-09-23,1.6581,-0.020903
2022-09-26,1.6869,0.017369
2022-09-27,1.7,0.007766
2022-09-28,1.6413,-0.034529
2022-09-29,1.6596,0.01115
2022-09-30,1.5981,-0.037057
2022-10-10,1.541,-0.03573
2022-10-11,1.5501,0.005905
2022-10-12,1.5853,0.022708
2022-10-13,1.5939,0.005425
2022-10-14,1.6271,0.020829
2022-10-17,1.6258,-0.000799
2022-10-18,1.6229,-0.001784
2022-10-19,1.6212,-0.001048
2022-10-20,1.5997,-0.013262
2022-10-21,1.5952,-0.002813
2022-10-24,1.5951,-6.3e-05
2022-10-25,1.6089,0.008651
2022-10-26,1.6395,0.019019
2022-10-27,1.6037,-0.021836
2022-10-28,1.5535,-0.031303
2022-10-31,1.5646,0.007145
2022-11-01,1.6054,0.026077
2022-11-02,1.6462,0.025414
2022-11-03,1.6902,0.026728
2022-11-04,1.736,0.027097
2022-11-07,1.7268,-0.0053
2022-11-08,1.7074,-0.011235
2022-11-09,1.6879,-0.011421
2022-11-10,1.6441,-0.025949
2022-11-11,1.6539,0.005961
2022-11-14,1.6138,-0.024246
2022-11-15,1.6658,0.032222
2022-11-16,1.6337,-0.01927
2022-11-17,1.6139,-0.01212
2022-11-18,1.6123,-0.000991
2022-11-21,1.6219,0.005954
2022-11-22,1.591,-0.019052
2022-11-23,1.6095,0.011628
2022-11-24,1.6147,0.003231
2022-11-25,1.5696,-0.027931
2022-11-28,1.5669,-0.00172
2022-11-29,1.547,-0.0127
2022-11-30,1.5555,0.005495
2022-12-01,1.5796,0.015493
2022-12-02,1.5807,0.000696
2022-12-05,1.5464,-0.021699
2022-12-06,1.5545,0.005238
2022-12-07,1.5625,0.005146
2022-12-08,1.5594,-0.001984
2022-12-09,1.5544,-0.003206
2022-12-12,1.5538,-0.000386
2022-12-13,1.511,-0.027545
2022-12-14,1.497,-0.009265
2022-12-15,1.5277,0.020508
2022-12-16,1.4842,-0.028474
2022-12-19,1.4758,-0.00566
2022-12-20,1.474,-0.00122
2022-12-21,1.4489,-0.017028
2022-12-22,1.4251,-0.016426
2022-12-23,1.3925,-0.022876
2022-12-26,1.4631,0.0507
2022-12-27,1.4928,0.020299
2022-12-28,1.481,-0.007905
2022-12-29,1.495,0.009453
2022-12-30,1.4946,-0.000268
2022-12-31,1.4945,-6.7e-05
2023-01-03,1.5351,0.027166
2023-01-04,1.5218,-0.008664
2023-01-05,1.5642,0.027862
2023-01-06,1.583,0.012019
2023-01-09,1.6035,0.01295
2023-01-10,1.6112,0.004802
2023-01-11,1.5927,-0.011482
2023-01-12,1.6021,0.005902
2023-01-13,1.5989,-0.001997
2023-01-16,1.6063,0.004628
2023-01-17,1.6076,0.000809
2023-01-18,1.6078,0.000124
2023-01-19,1.6109,0.001928
2023-01-20,1.6191,0.00509
2023-01-30,1.6367,0.01087
2023-01-31,1.6407,0.002444
2023-02-01,1.6683,0.016822
2023-02-02,1.663,-0.003177
2023-02-03,1.6727,0.005833
2023-02-06,1.6768,0.002451
2023-02-07,1.698,0.012643
2023-02-08,1.688,-0.005889
2023-02-09,1.7112,0.013744
2023-02-10,1.7277,0.009642
2023-02-13,1.7377,0.005788
2023-02-14,1.7368,-0.000518
2023-02-15,1.7434,0.0038
2023-02-16,1.7305,-0.007399
2023-02-17,1.7168,-0.007917
2023-02-20,1.7253,0.004951
2023-02-21,1.7289,0.002087
2023-02-22,1.729,5.8e-05
2023-02-23,1.7287,-0.000174
2023-02-24,1.7295,0.000463
2023-02-27,1.7301,0.000347
2023-02-28,1.7309,0.000462
2023-03-01,1.7492,0.010573
2023-03-02,1.7706,0.012234
2023-03-03,1.7496,-0.01186
2023-03-06,1.7334,-0.009259
2023-03-07,1.6829,-0.029133
2023-03-08,1.7153,0.019252
2023-03-09,1.7175,0.001283
2023-03-10,1.705,-0.007278
2023-03-13,1.7478,0.025103
2023-03-14,1.7223,-0.01459
2023-03-15,1.7135,-0.005109
2023-03-16,1.716,0.001459
2023-03-17,1.7181,0.001224
2023-03-20,1.7163,-0.001048
2023-03-21,1.7202,0.002272
2023-03-22,1.7305,0.005988
2023-03-23,1.7302,-0.000173
2023-03-24,1.7335,0.001907
2023-03-27,1.7376,0.002365
2023-03-28,1.7254,-0.007021
2023-03-29,1.7217,-0.002144
2023-03-30,1.7017,-0.011616
2023-03-31,1.7247,0.013516
2023-04-03,1.7466,0.012698
2023-04-04,1.7449,-0.000973
2023-04-06,1.7417,-0.001834
2023-04-07,1.7312,-0.006029
2023-04-10,1.6909,-0.023279
2023-04-11,1.6818,-0.005382
2023-04-12,1.7026,0.012368
2023-04-13,1.6413,-0.036004
2023-04-14,1.6287,-0.007677
2023-04-17,1.6305,0.001105
2023-04-18,1.644,0.00828
2023-04-19,1.6415,-0.001521
2023-04-20,1.6458,0.00262
2023-04-21,1.5874,-0.035484
2023-04-24,1.5685,-0.011906
2023-04-25,1.5235,-0.02869
2023-04-26,1.5067,-0.011027
2023-04-27,1.4906,-0.010686
2023-04-28,1.541,0.033812
2023-05-04,1.5464,0.003504
2023-05-05,1.5509,0.00291
2023-05-08,1.5753,0.015733
2023-05-09,1.5443,-0.019679
2023-05-10,1.5551,0.006993
2023-05-11,1.5532,-0.001222
2023-05-12,1.5377,-0.009979
2023-05-15,1.5335,-0.002731
2023-05-16,1.4884,-0.02941
2023-05-17,1.5182,0.020021
2023-05-18,1.5509,0.021539
2023-05-19,1.5447,-0.003998
2023-05-22,1.5267,-0.011653
2023-05-23,1.498,-0.018799
2023-05-24,1.5067,0.005808
2023-05-25,1.5051,-0.001062
2023-05-26,1.5334,0.018803
2023-05-29,1.5413,0.005152
2023-05-30,1.5576,0.010575
2023-05-31,1.577,0.012455
2023-06-01,1.5903,0.008434
2023-06-02,1.586,-0.002704
2023-06-05,1.6076,0.013619
2023-06-06,1.5668,-0.025379
2023-06-07,1.5992,0.020679
2023-06-08,1.5813,-0.011193
2023-06-09,1.6068,0.016126
2023-06-12,1.617,0.006348
2023-06-13,1.6288,0.007297
2023-06-14,1.628,-0.000491
2023-06-15,1.6131,-0.009152
2023-06-16,1.6347,0.01339
2023-06-19,1.6621,0.016761
2023-06-20,1.6602,-0.001143
2023-06-21,1.6343,-0.015601
2023-06-26,1.5668,-0.041302
2023-06-27,1.5986,0.020296
2023-06-28,1.5753,-0.014575
2023-06-29,1.6149,0.025138
2023-06-30,1.6445,0.018329
2023-07-03,1.6335,-0.006689
2023-07-04,1.6547,0.012978
2023-07-05,1.6306,-0.014565
2023-07-06,1.6372,0.004048
2023-07-07,1.6285,-0.005314
2023-07-10,1.6554,0.016518
2023-07-11,1.6332,-0.013411
2023-07-12,1.6036,-0.018124
2023-07-13,1.6361,0.020267
2023-07-14,1.6396,0.002139
2023-07-17,1.6417,0.001281
2023-07-18,1.6128,-0.017604
2023-07-19,1.6261,0.008247
2023-07-20,1.6083,-0.010946
2023-07-21,1.6122,0.002425
2023-07-24,1.6121,-6.2e-05
2023-07-25,1.634,0.013585
2023-07-26,1.5973,-0.02246
2023-07-27,1.5727,-0.015401
2023-07-28,1.5693,-0.002162
2023-07-31,1.5908,0.0137
2023-08-01,1.5861,-0.002954
2023-08-02,1.5725,-0.008574
2023-08-03,1.5758,0.002099
2023-08-04,1.6095,0.021386
2023-08-07,1.6337,0.015036
2023-08-08,1.593,-0.024913
2023-08-09,1.5902,-0.001758
2023-08-10,1.6229,0.020563
2023-08-11,1.5448,-0.048124
2023-08-14,1.5363,-0.005502
2023-08-15,1.559,0.014776
2023-08-16,1.5867,0.017768
2023-08-17,1.5739,-0.008067
2023-08-18,1.5608,-0.008323
2023-08-21,1.5485,-0.007881
2023-08-22,1.5276,-0.013497
2023-08-23,1.5294,0.001178
2023-08-24,1.5287,-0.000458
2023-08-25,1.5268,-0.001243
2023-08-28,1.531,0.002751
2023-08-29,1.5394,0.005487
2023-08-30,1.5299,-0.006171
2023-08-31,1.523,-0.00451
2023-09-01,1.5231,6.6e-05
2023-09-04,1.5232,6.6e-05
2023-09-05,1.5233,6.6e-05
2023-09-06,1.5232,-6.6e-05
2023-09-07,1.5233,6.6e-05
2023-09-08,1.5233,0.0
2023-09-11,1.5232,-6.6e-05
2023-09-12,1.5232,0.0
2023-09-13,1.523,-0.000131
2023-09-14,1.5231,6.6e-05
2023-09-15,1.5226,-0.000328
2023-09-18,1.5226,0.0
2023-09-19,1.522,-0.000394
2023-09-20,1.5219,-6.6e-05
2023-09-21,1.5219,0.0
2023-09-22,1.5227,0.000526
2023-09-25,1.5227,0.0
2023-09-26,1.5223,-0.000263
2023-09-27,1.522,-0.000197
2023-09-28,1.5228,0.000526
2023-10-09,1.5243,0.000985
2023-10-10,1.5249,0.000394
2023-10-11,1.5316,0.004394
2023-10-12,1.5324,0.000522
2023-10-13,1.5324,0.0
2023-10-16,1.5324,0.0
2023-10-17,1.5324,0.0
2023-10-18,1.5328,0.000261
2023-10-19,1.5321,-0.000457
2023-10-20,1.5308,-0.000849
2023-10-23,1.5304,-0.000261
2023-10-24,1.5307,0.000196
2023-10-25,1.533,0.001503
2023-10-26,1.5352,0.001435
2023-10-27,1.5336,-0.001042
2023-10-30,1.5336,0.0
2023-10-31,1.533,-0.000391
2023-11-01,1.5313,-0.001109
2023-11-02,1.5306,-0.000457
2023-11-03,1.5307,6.5e-05
2023-11-06,1.5334,0.001764
2023-11-07,1.5329,-0.000326
2023-11-08,1.5392,0.00411
2023-11-09,1.5274,-0.007666
2023-11-10,1.5155,-0.007791
2023-11-13,1.514,-0.00099
2023-11-14,1.5077,-0.004161
2023-11-15,1.4993,-0.005571
2023-11-16,1.5252,0.017275
2023-11-17,1.5384,0.008655
2023-11-20,1.548,0.00624
2023-11-21,1.5785,0.019703
2023-11-22,1.6227,0.028001
2023-11-23,1.6066,-0.009922
2023-11-24,1.5877,-0.011764
2023-11-27,1.5562,-0.01984
2023-11-28,1.5406,-0.010024
2023-11-29,1.5116,-0.018824
2023-11-30,1.5085,-0.002051
2023-12-01,1.5962,0.058137
2023-12-04,1.6293,0.020737
2023-12-05,1.6002,-0.01786
2023-12-06,1.6282,0.017498
2023-12-07,1.6771,0.030033
2023-12-08,1.6413,-0.021346
2023-12-11,1.6905,0.029976
2023-12-12,1.6826,-0.004673
2023-12-13,1.6566,-0.015452
2023-12-14,1.662,0.00326
2023-12-15,1.6798,0.01071
2023-12-18,1.6391,-0.024229
2023-12-19,1.6579,0.01147
2023-12-20,1.6031,-0.033054
2023-12-21,1.5937,-0.005864
2023-12-22,1.4449,-0.093368
2023-12-25,1.4377,-0.004983
2023-12-26,1.4379,0.000139
2023-12-27,1.4379,0.0
2023-12-28,1.4379,0.0
2023-12-29,1.438,7e-05
2023-12-31,1.4381,7e-05
2024-01-02,1.446,0.005493
2024-01-03,1.439,-0.004841
2024-01-04,1.432,-0.004864
2024-01-05,1.3923,-0.027723
2024-01-08,1.3922,-7.2e-05
2024-01-09,1.3922,0.0
2024-01-10,1.3847,-0.005387
2024-01-11,1.3948,0.007294
2024-01-12,1.3919,-0.002079
2024-01-15,1.3816,-0.0074
2024-01-16,1.3906,0.006514
2024-01-17,1.3373,-0.038329
2024-01-18,1.3624,0.018769
2024-01-19,1.2968,-0.04815
2024-01-22,1.2705,-0.020281
2024-01-23,1.2705,0.0
2024-01-24,1.2705,0.0
2024-01-25,1.2737,0.002519
2024-01-26,1.2918,0.014211
2024-01-29,1.2873,-0.003484
2024-01-30,1.283,-0.00334
2024-01-31,1.283,0.0
2024-02-01,1.283,0.0
2024-02-02,1.283,0.0
2024-02-05,1.283,0.0
2024-02-06,1.283,0.0
2024-02-07,1.2831,7.8e-05
2024-02-08,1.2831,0.0
2024-02-19,1.283,-7.8e-05
2024-02-20,1.283,0.0
2024-02-21,1.283,0.0
2024-02-22,1.283,0.0
2024-02-23,1.283,0.0
2024-02-26,1.283,0.0
2024-02-27,1.291,0.006235
2024-02-28,1.228,-0.048799
2024-02-29,1.2687,0.033143
2024-03-01,1.2939,0.019863
2024-03-04,1.3152,0.016462
2024-03-05,1.2974,-0.013534
2024-03-06,1.2816,-0.012178
2024-03-07,1.2448,-0.028714
2024-03-08,1.2646,0.015906
2024-03-11,1.2905,0.020481
2024-03-12,1.2925,0.00155
2024-03-13,1.3305,0.0294
2024-03-14,1.2939,-0.027508
2024-03-15,1.296,0.001623
2024-03-18,1.3272,0.024074
2024-03-19,1.3121,-0.011377
2024-03-20,1.3587,0.035516
2024-03-21,1.3832,0.018032
2024-03-22,1.4408,0.041643
2024-03-25,1.3605,-0.055733
2024-03-26,1.3208,-0.02918
2024-03-27,1.2715,-0.037326
2024-03-28,1.3117,0.031616
2024-03-29,1.2894,-0.017001
2024-04-01,1.3219,0.025206
2024-04-02,1.276,-0.034723
2024-04-03,1.2395,-0.028605
2024-04-08,1.2263,-0.010649
2024-04-09,1.2318,0.004485
2024-04-10,1.1925,-0.031905
2024-04-11,1.2188,0.022055
2024-04-12,1.1917,-0.022235
2024-04-15,1.1727,-0.015944
2024-04-16,1.1581,-0.01245
2024-04-17,1.1528,-0.004576
2024-04-18,1.1454,-0.006419
2024-04-19,1.149,0.003143
2024-04-22,1.1304,-0.016188
2024-04-23,1.1097,-0.018312
2024-04-24,1.1117,0.001802
2024-04-25,1.107,-0.004228
2024-04-26,1.1152,0.007407
2024-04-29,1.1312,0.014347
2024-04-30,1.1278,-0.003006
2024-05-06,1.1288,0.000887
2024-05-07,1.1271,-0.001506
2024-05-08,1.1077,-0.017212
2024-05-09,1.1204,0.011465
2024-05-10,1.1131,-0.006516
2024-05-13,1.0931,-0.017968
2024-05-14,1.1164,0.021316
2024-05-15,1.1056,-0.009674
2024-05-16,1.1133,0.006965
2024-05-17,1.1093,-0.003593
2024-05-20,1.1213,0.010818
2024-05-21,1.1226,0.001159
2024-05-22,1.1225,-8.9e-05
2024-05-23,1.0874,-0.031269
2024-05-24,1.0714,-0.014714
2024-05-27,1.0688,-0.002427
2024-05-28,1.0736,0.004491
2024-05-29,1.0708,-0.002608
2024-05-30,1.0659,-0.004576
2024-05-31,1.0617,-0.00394
2024-06-03,1.0461,-0.014693
2024-06-04,1.0377,-0.00803
2024-06-05,1.043,0.005107
2024-06-06,1.0318,-0.010738
2024-06-07,1.0355,0.003586
2024-06-11,1.0693,0.032641
2024-06-12,1.0651,-0.003928
2024-06-13,1.0658,0.000657
2024-06-14,1.0658,0.0
2024-06-17,1.0946,0.027022
2024-06-18,1.089,-0.005116
2024-06-19,1.0922,0.002938
2024-06-20,1.0925,0.000275
2024-06-21,1.0907,-0.001648
2024-06-24,1.0434,-0.043367
2024-06-25,1.0216,-0.020893
2024-06-26,1.026,0.004307
2024-06-27,1.0142,-0.011501
2024-06-28,1.0063,-0.007789
2024-06-30,1.0062,-9.9e-05
2024-07-01,0.9984,-0.007752
2024-07-02,1.0007,0.002304
2024-07-03,0.9963,-0.004397
2024-07-04,0.9904,-0.005922
2024-07-05,0.9903,-0.000101
2024-07-08,0.9865,-0.003837
2024-07-09,0.9973,0.010948
2024-07-10,0.978,-0.019352
2024-07-11,1.0012,0.023722
2024-07-12,1.0007,-0.000499
2024-07-15,1.0077,0.006995
2024-07-16,1.0077,0.0
2024-07-17,1.0077,0.0
2024-07-18,1.0077,0.0
2024-07-19,1.0077,0.0
2024-07-22,1.0077,0.0
2024-07-23,1.0077,0.0
2024-07-24,1.0077,0.0
2024-07-25,1.0077,0.0
2024-07-26,1.0077,0.0
2024-07-29,1.0077,0.0
2024-07-30,1.0077,0.0
2024-07-31,1.0065,-0.001191
2024-08-01,1.0117,0.005166
2024-08-02,1.0179,0.006128
2024-08-05,0.9774,-0.039788
2024-08-06,0.9757,-0.001739
2024-08-07,0.9764,0.000717
2024-08-08,0.9384,-0.038918
2024-08-09,0.933,-0.005754
2024-08-12,0.91,-0.024652
2024-08-13,0.91,0.0
2024-08-14,0.91,0.0
2024-08-15,0.91,0.0
2024-08-16,0.91,0.0
2024-08-19,0.91,0.0
2024-08-20,0.91,0.0
2024-08-21,0.9101,0.00011
2024-08-22,0.9101,0.0
2024-08-23,0.9101,0.0
2024-08-26,0.9101,0.0
2024-08-27,0.9101,0.0
2024-08-28,0.9101,0.0
2024-08-29,0.909,-0.001209
2024-08-30,0.918,0.009901
2024-09-02,0.913,-0.005447
2024-09-03,0.9258,0.01402
2024-09-04,0.9126,-0.014258
2024-09-05,0.9212,0.009424
2024-09-06,0.8999,-0.023122
2024-09-09,0.8999,0.0
2024-09-10,0.8999,0.0
2024-09-11,0.8999,0.0
2024-09-12,0.8999,0.0
2024-09-13,0.8924,-0.008334
2024-09-18,0.8759,-0.018489
2024-09-19,0.8893,0.015299
2024-09-20,0.9016,0.013831
2024-09-23,0.9128,0.012422
2024-09-24,0.9281,0.016762
2024-09-25,0.9353,0.007758
2024-09-26,0.9535,0.019459
2024-09-27,1.0089,0.058102
2024-09-30,1.1413,0.131232
2024-10-08,1.2983,0.137562
2024-10-09,1.1959,-0.078872
2024-10-10,1.1595,-0.030437
2024-10-11,1.1017,-0.049849
2024-10-14,1.1567,0.049923
2024-10-15,1.1294,-0.023602
2024-10-16,1.1335,0.00363
2024-10-17,1.1513,0.015704
2024-10-18,1.1882,0.032051
2024-10-21,1.2396,0.043259
2024-10-22,1.1951,-0.035899
2024-10-23,1.1936,-0.001255
2024-10-24,1.1723,-0.017845
2024-10-25,1.1853,0.011089
2024-10-28,1.2192,0.0286
2024-10-29,1.2198,0.000492
2024-10-30,1.24,0.01656
2024-10-31,1.255,0.012097
2024-11-01,1.1628,-0.073466
2024-11-04,1.1928,0.0258
2024-11-05,1.2438,0.042757
2024-11-06,1.2451,0.001045
2024-11-07,1.2867,0.033411
2024-11-08,1.2863,-0.000311
2024-11-11,1.3372,0.039571
2024-11-12,1.2958,-0.03096
2024-11-13,1.3147,0.014586
2024-11-14,1.2882,-0.020157
2024-11-15,1.2726,-0.01211
2024-11-18,1.1735,-0.077872
2024-11-19,1.2125,0.033234
2024-11-20,1.2736,0.050392
2024-11-21,1.2803,0.005261
2024-11-22,1.2452,-0.027415
2024-11-25,1.2742,0.023289
2024-11-26,1.2629,-0.008868
2024-11-27,1.3264,0.050281
2024-11-28,1.3328,0.004825
2024-11-29,1.3701,0.027986
2024-12-02,1.4099,0.029049
2024-12-03,1.4139,0.002837
2024-12-04,1.3954,-0.013084
2024-12-05,1.4276,0.023076
2024-12-06,1.4642,0.025637
2024-12-09,1.4642,0.0
2024-12-10,1.5016,0.025543
2024-12-11,1.5088,0.004795
2024-12-12,1.5154,0.004374
2024-12-13,1.5151,-0.000198
2024-12-16,1.5296,0.00957
2024-12-17,1.4389,-0.059297
2024-12-18,1.4313,-0.005282
2024-12-19,1.4312,-7e-05
2024-12-20,1.4432,0.008385
2024-12-23,1.384,-0.04102
2024-12-24,1.4109,0.019436
2024-12-25,1.3738,-0.026295
2024-12-26,1.3812,0.005387
2024-12-27,1.3897,0.006154
2024-12-30,1.3867,-0.002159
2024-12-31,1.3717,-0.010817
2025-01-02,1.3581,-0.009915
2025-01-03,1.3583,0.000147
2025-01-06,1.3583,0.0
2025-01-07,1.3582,-7.4e-05
2025-01-08,1.3583,7.4e-05
2025-01-09,1.3606,0.001693
2025-01-10,1.3606,0.0
2025-01-13,1.3606,0.0
2025-01-14,1.3606,0.0
2025-01-15,1.3607,7.3e-05
2025-01-16,1.3608,7.3e-05
2025-01-17,1.3609,7.3e-05
2025-01-20,1.3609,0.0
2025-01-21,1.3609,0.0
2025-01-22,1.361,7.3e-05
2025-01-23,1.361,0.0
2025-01-24,1.3614,0.000294
2025-01-27,1.3601,-0.000955
2025-02-05,1.36,-7.4e-05
2025-02-06,1.3616,0.001176
2025-02-07,1.3622,0.000441
2025-02-10,1.3622,0.0
2025-02-11,1.336,-0.019234
2025-02-12,1.3617,0.019237
2025-02-13,1.3582,-0.00257
2025-02-14,1.4147,0.041599
2025-02-17,1.3919,-0.016116
2025-02-18,1.3316,-0.043322
2025-02-19,1.3636,0.024031
2025-02-20,1.3526,-0.008067
2025-02-21,1.3973,0.033047
2025-02-24,1.3765,-0.014886
2025-02-25,1.364,-0.009081
2025-02-26,1.3835,0.014296
2025-02-27,1.3811,-0.001735
2025-02-28,1.2882,-0.067265
2025-03-03,1.2929,0.003649
2025-03-04,1.3387,0.035424
2025-03-05,1.3522,0.010084
2025-03-06,1.4071,0.040601
2025-03-07,1.3804,-0.018975
2025-03-10,1.397,0.012025
2025-03-11,1.3821,-0.010666
2025-03-12,1.3888,0.004848
2025-03-13,1.369,-0.014257
2025-03-14,1.3711,0.001534
2025-03-17,1.3676,-0.002553
2025-03-18,1.371,0.002486
2025-03-19,1.3387,-0.023559
2025-03-20,1.3261,-0.009412
2025-03-21,1.2873,-0.029259
2025-03-24,1.2391,-0.037443
2025-03-25,1.2163,-0.0184
2025-03-26,1.2167,0.000329
2025-03-27,1.205,-0.009616
2025-03-28,1.1887,-0.013527
2025-03-31,1.1719,-0.014133
2025-04-01,1.1646,-0.006229
2025-04-02,1.1659,0.001116
2025-04-03,1.1502,-0.013466
2025-04-07,0.9788,-0.149018
2025-04-08,0.9939,0.015427
2025-04-09,1.0263,0.032599
2025-04-10,1.0438,0.017052
2025-04-11,1.0528,0.008622
2025-04-14,1.0662,0.012728
2025-04-15,1.0625,-0.00347
2025-04-16,1.0407,-0.020518
2025-04-17,1.0491,0.008071
2025-04-18,1.0464,-0.002574
2025-04-21,1.0864,0.038226
2025-04-22,1.0984,0.011046
2025-04-23,1.1074,0.008194
2025-04-24,1.0705,-0.033321
2025-04-25,1.078,0.007006
2025-04-28,1.0745,-0.003247
2025-04-29,1.0844,0.009214
2025-04-30,1.1179,0.030893
2025-05-06,1.1532,0.031577
2025-05-07,1.1524,-0.000694
2025-05-08,1.1544,0.001736
2025-05-09,1.12,-0.029799
2025-05-12,1.1404,0.018214
2025-05-13,1.1307,-0.008506
2025-05-14,1.1322,0.001327
2025-05-15,1.0936,-0.034093
2025-05-16,1.0932,-0.000366
2025-05-19,1.097,0.003476
2025-05-20,1.1078,0.009845
2025-05-21,1.0941,-0.012367
2025-05-22,1.0907,-0.003108
2025-05-23,1.0775,-0.012102
2025-05-26,1.0895,0.011137
2025-05-27,1.0791,-0.009546
2025-05-28,1.0671,-0.01112
2025-05-29,1.1048,0.035329
2025-05-30,1.0807,-0.021814
2025-06-03,1.0838,0.002869
2025-06-04,1.0922,0.007751
2025-06-05,1.1174,0.023073
2025-06-06,1.1173,-8.9e-05
2025-06-09,1.1261,0.007876
2025-06-10,1.0963,-0.026463
2025-06-11,1.1006,0.003922
2025-06-12,1.098,-0.002362
2025-06-13,1.0721,-0.023588
2025-06-16,1.0902,0.016883
2025-06-17,1.0868,-0.003119
2025-06-18,1.0882,0.001288
2025-06-19,1.0725,-0.014427
2025-06-20,1.0448,-0.025828
2025-06-23,1.0762,0.030054
2025-06-24,1.101,0.023044
2025-06-25,1.1262,0.022888
2025-06-26,1.1365,0.009146
2025-06-27,1.1341,-0.002112
2025-06-30,1.1464,0.010846
2025-07-01,1.1336,-0.011165
2025-07-02,1.117,-0.014644
2025-07-03,1.1194,0.002149
2025-07-04,1.1116,-0.006968
2025-07-07,1.1136,0.001799
2025-07-08,1.1251,0.010327
2025-07-09,1.1271,0.001778
2025-07-10,1.1246,-0.002218
2025-07-11,1.1386,0.012449
2025-07-14,1.1348,-0.003337
2025-07-15,1.1356,0.000705
2025-07-16,1.1364,0.000704
2025-07-17,1.1455,0.008008
2025-07-18,1.1467,0.001048
2025-07-21,1.1445,-0.001919
2025-07-22,1.1275,-0.014854
2025-07-23,1.1346,0.006297
2025-07-24,1.1466,0.010576
2025-07-25,1.176,0.025641
2025-07-28,1.1708,-0.004422
2025-07-29,1.181,0.008712
2025-07-30,1.1798,-0.001016
2025-07-31,1.2096,0.025259
2025-08-01,1.2339,0.020089
2025-08-04,1.2543,0.016533
2025-08-05,1.2446,-0.007733
2025-08-06,1.2856,0.032942
2025-08-07,1.2872,0.001245
2025-08-08,1.2292,-0.045059
2025-08-11,1.2655,0.029531
2025-08-12,1.2443,-0.016752
2025-08-13,1.2451,0.000643
2025-08-14,1.2087,-0.029235
2025-08-15,1.2361,0.022669
2025-08-18,1.2766,0.032764
2025-08-19,1.2836,0.005483
2025-08-20,1.2717,-0.009271
2025-08-21,1.2731,0.001101
2025-08-22,1.3108,0.029613
2025-08-25,1.3112,0.000305
2025-08-26,1.3228,0.008847
2025-08-27,1.3124,-0.007862
2025-08-28,1.3339,0.016382
2025-08-29,1.3217,-0.009146
2025-09-01,1.3219,0.000151
2025-09-02,1.2693,-0.039791
2025-09-03,1.2424,-0.021193
2025-09-04,1.2148,-0.022215
2025-09-05,1.2334,0.015311
2025-09-08,1.251,0.014269
2025-09-09,1.2247,-0.021023
2025-09-10,1.2253,0.00049
2025-09-11,1.264,0.031584
2025-09-12,1.2751,0.008782
2025-09-15,1.2703,-0.003764
2025-09-16,1.2927,0.017634
2025-09-17,1.3056,0.009979
2025-09-18,1.2923,-0.010187
2025-09-19,1.2808,-0.008899
2025-09-22,1.2935,0.009916
2025-09-23,1.2724,-0.016312
2025-09-24,1.3048,0.025464
2025-09-25,1.3042,-0.00046
2025-09-26,1.2855,-0.014338
2025-09-29,1.2998,0.011124
2025-09-30,1.3397,0.030697
2025-10-09,1.3738,0.025453
2025-10-10,1.3025,-0.0519
2025-10-13,1.3355,0.025336
2025-10-14,1.2662,-0.051891
2025-10-15,1.2508,-0.012162
2025-10-16,1.2483,-0.001999
2025-10-17,1.2483,0.0
2025-10-20,1.2483,0.0
2025-10-21,1.2501,0.001442
2025-10-22,1.2475,-0.00208
2025-10-23,1.2472,-0.00024
2025-10-24,1.2484,0.000962
2025-10-27,1.2851,0.029398
2025-10-28,1.2723,-0.00996
2025-10-29,1.2872,0.011711
2025-10-30,1.2717,-0.012042
2025-10-31,1.2199,-0.040733
2025-11-03,1.235,0.012378
2025-11-04,1.2088,-0.021215
2025-11-05,1.2013,-0.006205
2025-11-06,1.2435,0.035129
2025-11-07,1.252,0.006836
2025-11-10,1.2877,0.028514
2025-11-11,1.2895,0.001398
2025-11-12,1.3248,0.027375
2025-11-13,1.4272,0.077295
2025-11-14,1.4158,-0.007988
2025-11-17,1.4495,0.023803
2025-11-18,1.3647,-0.058503
2025-11-19,1.3744,0.007108
2025-11-20,1.3735,-0.000655
2025-11-21,1.254,-0.087004
2025-11-24,1.1976,-0.044976
2025-11-25,1.2323,0.028975
2025-11-26,1.2307,-0.001298
2025-11-27,1.2614,0.024945
2025-11-28,1.3063,0.035595
2025-12-01,1.2865,-0.015157
2025-12-02,1.2452,-0.032103
2025-12-03,1.2125,-0.026261
2025-12-04,1.205,-0.006186
2025-12-05,1.2043,-0.000581
2025-12-08,1.2356,0.02599
2025-12-09,1.2495,0.01125
2025-12-10,1.2398,-0.007763
2025-12-11,1.2205,-0.015567
2025-12-12,1.2316,0.009095
2025-12-15,1.1905,-0.033371
2025-12-16,1.1739,-0.013944
2025-12-17,1.224,0.042678
2025-12-18,1.196,-0.022876
2025-12-19,1.1872,-0.007358
2025-12-22,1.2252,0.032008
2025-12-23,1.259,0.027587
2025-12-24,1.284,0.019857
2025-12-25,1.2768,-0.005607
2025-12-26,1.3268,0.03916
2025-12-29,1.2747,-0.039267
2025-12-30,1.2683,-0.005021
2025-12-31,1.2476,-0.016321
2026-01-05,1.3211,0.058913
2026-01-06,1.3418,0.015669
2026-01-07,1.3485,0.004993
2026-01-08,1.3335,-0.011123
2026-01-09,1.3362,0.002025
2026-01-12,1.4332,0.072594
2026-01-13,1.4274,-0.004047
2026-01-14,1.4312,0.002662
2026-01-15,1.4298,-0.000978
2026-01-16,1.4062,-0.016506
2026-01-19,1.3868,-0.013796
2026-01-20,1.371,-0.011393
2026-01-21,1.3623,-0.006346
2026-01-22,1.3719,0.007047
2026-01-23,1.398,0.019025
2026-01-26,1.3524,-0.032618
2026-01-27,1.3573,0.003623
2026-01-28,1.3629,0.004126
2026-01-29,1.3609,-0.001467
2026-01-30,1.3591,-0.001323
2026-02-02,1.3571,-0.001472
2026-02-03,1.3577,0.000442
2026-02-04,1.3572,-0.000368
2026-02-05,1.3565,-0.000516
2026-02-06,1.3561,-0.000295
2026-02-09,1.3565,0.000295
2026-02-10,1.3592,0.00199
2026-02-11,1.3342,-0.018393
2026-02-12,1.3291,-0.003823
2026-02-13,1.3228,-0.00474
2026-02-24,1.3353,0.00945
2026-02-25,1.3553,0.014978
2026-02-26,1.3637,0.006198
2026-02-27,1.3618,-0.001393
2026-03-02,1.3586,-0.00235
2026-03-03,1.327,-0.023259
2026-03-04,1.3166,-0.007837
2026-03-05,1.3305,0.010557
2026-03-06,1.3385,0.006013
2026-03-09,1.316,-0.01681
2026-03-10,1.3347,0.01421
2026-03-11,1.3439,0.006893
2026-03-12,1.3344,-0.007069
2026-03-13,1.3228,-0.008693
2026-03-16,1.3188,-0.003024
2026-03-17,1.2983,-0.015544
2026-03-18,1.3012,0.002234
2026-03-19,1.2674,-0.025976
2026-03-20,1.2638,-0.00284
2026-03-23,1.2127,-0.040434
2026-03-24,1.238,0.020863
2026-03-25,1.2672,0.023586
2026-03-26,1.2491,-0.014283
2026-03-27,1.2636,0.011608
2026-03-30,1.2637,7.9e-05
2026-03-31,1.2445,-0.015193
2026-04-01,1.2642,0.01583
2026-04-02,1.2501,-0.011153
2026-04-03,1.2371,-0.010399
2026-04-07,1.2396,0.002021
2026-04-08,1.2923,0.042514
2026-04-09,1.2926,0.000232
2026-04-10,1.3039,0.008742
2026-04-13,1.2977,-0.004755
2026-04-14,1.3149,0.013254
2026-04-15,1.3075,-0.005628
2026-04-16,1.3247,0.013155
2026-04-17,1.3227,-0.00151
2026-04-20,1.3318,0.00688
2026-04-21,1.3283,-0.002628
2026-04-22,1.3384,0.007604
2026-04-23,1.333,-0.004035
2026-04-24,1.3305,-0.001875
2026-04-27,1.3536,0.017362
2026-04-28,1.3479,-0.004211
2026-04-29,1.3645,0.012315
2026-04-30,1.3682,0.002712
2026-05-06,1.3826,0.010525
2026-05-07,1.3955,0.00933
2026-05-08,1.3932,-0.001648
2026-05-11,1.4143,0.015145
2026-05-12,1.4166,0.001626
2026-05-13,1.4356,0.013412
2026-05-14,1.4148,-0.014489
2026-05-15,1.4188,0.002827
2026-05-18,1.4099,-0.006273
2026-05-19,1.4308,0.014824
2026-05-20,1.4381,0.005102
2026-05-21,1.4256,-0.008692
2026-05-22,1.4379,0.008628
2026-05-25,1.4413,0.002365
2026-05-26,1.4275,-0.009575
2026-05-27,1.4081,-0.01359
2026-05-28,1.4017,-0.004545
2026-05-29,1.3755,-0.018692
2026-06-01,1.3598,-0.011414
2026-06-02,1.3644,0.003383
2026-06-03,1.364,-0.000293
2026-06-04,1.3553,-0.006378
2026-06-05,1.3382,-0.012617
2026-06-08,1.3046,-0.025108
2026-06-09,1.3321,0.021079
2026-06-10,1.3265,-0.004204
2026-06-11,1.333,0.0049
2026-06-12,1.3518,0.014104
2026-06-15,1.3788,0.019973
2026-06-16,1.3701,-0.00631
2026-06-17,1.3919,0.015911
2026-06-18,1.3905,-0.001006
2026-06-22,1.4071,0.011938
2026-06-23,1.3926,-0.010305
2026-06-24,1.415,0.016085
2026-06-25,1.4254,0.00735
2026-06-26,1.4086,-0.011786
2026-06-29,1.4333,0.017535
2026-06-30,1.4611,0.019396
2026-07-01,1.4681,0.004791
2026-07-02,1.4247,-0.029562
2026-07-03,1.4476,0.016074
2026-07-06,1.4476,0.0
2026-07-07,1.4383,-0.006424
2026-07-08,1.4194,-0.013141
2026-07-09,1.4518,0.022827
2026-07-10,1.426,-0.017771
2026-07-13,1.3819,-0.030926
2026-07-14,1.3996,0.012808
2026-07-15,1.3904,-0.006573
2026-07-16,1.3554,-0.025173
2026-07-17,1.3081,-0.034897
2026-07-20,1.302,-0.004663
2026-07-21,1.3529,0.039094
2026-07-22,1.3452,-0.005691
2026-07-23,1.3491,0.002899
2026-07-24,1.3358,-0.009858
2026-07-27,1.3651,0.021934
2026-07-28,1.3389,-0.019193
2026-07-29,1.3482,0.006946
2026-07-30,1.3272,-0.015576
2026-07-31,1.3301,0.002185
2026-08-03,1.3068,-0.017517
2026-08-04,1.3231,0.012473
2026-08-05,1.3645,0.03129
2026-08-06,1.3664,0.001392
2026-08-07,1.3786,0.008929
2026-08-10,1.3983,0.01429
2026-08-11,1.3773,-0.015018
2026-08-12,1.3914,0.010237
2026-08-13,1.37,-0.01538
2026-08-14,1.3701,7.3e-05
2026-08-17,1.3938,0.017298
2026-08-18,1.3974,0.002583
2026-08-19,1.3478,-0.035494
2026-08-20,1.3595,0.008681
2026-08-21,1.3554,-0.003016
2026-08-24,1.341,-0.010624
2026-08-25,1.352,0.008203
2026-08-26,1.366,0.010355
2026-08-27,1.3829,0.012372
2026-08-28,1.3739,-0.006508
2026-08-31,1.3787,0.003494
2026-09-01,1.3714,-0.005295
2026-09-02,1.3566,-0.010792
2026-09-03,1.3631,0.004791
2026-09-04,1.3561,-0.005135
2026-09-07,1.3708,0.01084
2026-09-08,1.3632,-0.005544
2026-09-09,1.3685,0.003888
2026-09-10,1.3594,-0.00665
2026-09-11,1.3366,-0.016772
2026-09-14,1.3357,-0.000673
2026-09-15,1.3333,-0.001797
2026-09-16,1.3439,0.00795
2026-09-17,1.3367,-0.005358
2026-09-18,1.3578,0.015785
2026-09-21,1.3647,0.005082
2026-09-22,1.3604,-0.003151
2026-09-23,1.3574,-0.002205
2026-09-24,1.3369,-0.015102
2026-09-28,1.3087,-0.021094
2026-09-29,1.3069,-0.001375
2026-09-30,1.3118,0.003749
